id    ,name_en_CA                           ,name_fr_CA                           ,lat             ,lon              ,region,timeZone,compositeStation,stationType,province,city                    ,address                                            ,altitude,environment,aqhiAlgorithm,calculateHistory,forecastCentre,grouping,sortOrder
10102 ,St. John's                           ,St. John's                           ,47.56           ,-52.7113888888889,1     ,2       ,                ,1          ,1       ,St. John's              ,354 WATER STREET                                   ,14.0    ,1          ,1            ,1               ,1             ,        ,1
10401 ,Mount Pearl                          ,Mount Pearl                          ,47.5051277777778,-52.7947611111111,1     ,2       ,                ,1          ,1       ,Mount Pearl             ,OLD PLACENTIA ROAD                                 ,155.2   ,2          ,1            ,1               ,1             ,        ,2
10501 ,Grand Falls - Windsor                ,Grand Falls - Windsor                ,48.9269444444444,-55.6597222222222,1     ,2       ,                ,1          ,1       ,Grand Falls - Windsor   ,SCOTT AVENUE                                       ,60.0    ,1          ,1            ,1               ,1             ,        ,4
10601 ,Goose Bay                            ,Goose Bay                            ,53.30472        ,-60.36444        ,1     ,2       ,                ,1          ,1       ,Happy Valley - Goose Bay,Abbott Drive                                       ,43.0    ,2          ,             ,0               ,1             ,        ,7
10602 ,Corner Brook                         ,Corner Brook                         ,48.95224        ,-57.92207        ,1     ,2       ,                ,1          ,1       ,Corner Brook            ,Macpherson Avenue                                  ,99.0    ,2          ,1            ,1               ,1             ,        ,5
10801 ,Port au Choix                        ,Port au Choix                        ,50.71124        ,-57.36365        ,1     ,2       ,                ,1          ,1       ,Port au Choix           ,Port au Choix                                      ,13.0    ,5          ,             ,0               ,1             ,        ,6
10901 ,Marystown/Burin                      ,Marystown/Burin                      ,47.09899        ,-55.19852        ,1     ,2       ,                ,1          ,1       ,Burin                   ,                                                   ,1.0     ,5          ,1            ,1               ,1             ,        ,3
11002 ,FIREHALL-LABRADORCITY2               ,FIREHALL-LABRADORCITY2               ,52.945487       ,-66.910306       ,1     ,3       ,                ,1          ,1       ,Labrador City           ,317 Hudson Drive                                   ,558.0   ,2          ,1            ,1               ,1             ,        ,8
20104 ,Charlottetown                        ,Charlottetown                        ,46.233          ,-63.13667        ,1     ,3       ,                ,1          ,2       ,Charlottetown           ,3 BRIGHTON ROAD                                    ,58.87   ,1          ,1            ,1               ,2             ,        ,10
20301 ,Wellington                           ,Wellington                           ,46.45           ,-64.0            ,1     ,3       ,                ,1          ,2       ,Wellington              ,40 HACKMATACK RD. (ROUTE 125)                      ,35.04   ,4          ,1            ,1               ,2             ,        ,9
20401 ,Southampton                          ,Southampton                          ,46.38752        ,-62.58122        ,1     ,3       ,                ,1          ,2       ,Southampton             ,2580 CARDIGAN ROAD (ROUTE 313)                     ,        ,4          ,1            ,1               ,2             ,        ,11
30001 ,Halifax Downtown                     ,Halifax - centre-ville               ,44.647          ,-63.574          ,1     ,3       ,                ,1          ,3       ,Halifax                 ,1672 GRANVILLE STREET                              ,29.0    ,1          ,1            ,1               ,2             ,        ,17
30113 ,Johnston Building                    ,Johnston Building                    ,44.647          ,-63.574          ,1     ,3       ,30001           ,1          ,3       ,Halifax                 ,1672 GRANVILLE STREET                              ,29.0    ,1          ,             ,0               ,2             ,        ,19
30120 ,Lake Major                           ,Lake Major                           ,44.71969        ,-63.48162        ,1     ,3       ,                ,1          ,3       ,Dartmouth               ,Cherrybrook Road                                   ,69.0    ,2          ,1            ,1               ,2             ,        ,20
30201 ,Port Hawkesbury                      ,Port Hawkesbury                      ,45.61394        ,-61.36235        ,1     ,3       ,                ,1          ,3       ,Port Hawkesbury         ,Embree & Granville                                 ,23.0    ,1          ,1            ,1               ,2             ,        ,22
30310 ,Sydney (Welton Street)               ,Sydney (Welton Street)               ,46.14222        ,-60.17252        ,1     ,3       ,                ,1          ,3       ,Sydney                  ,71 Welton Street                                   ,30.0    ,1          ,1            ,1               ,2             ,        ,23
30502 ,Kejimkujik Site B                    ,Kejimkujik Site B                    ,44.40298        ,-65.20277        ,1     ,3       ,                ,1          ,3       ,                        ,                                                   ,128.0   ,5          ,             ,0               ,2             ,        ,14
30701 ,Aylesford Mountain                   ,Aylesford Mountain                   ,45.07267        ,-64.84033        ,1     ,3       ,                ,1          ,3       ,Aylesford               ,"MOUNTAIN BROW ROAD, KINGS COUNTY"                 ,264.0   ,6          ,             ,0               ,2             ,        ,15
30901 ,Pictou                               ,Pictou                               ,45.68167        ,-62.69664        ,1     ,3       ,                ,1          ,3       ,Pictou                  ,91 BEACHES ROAD                                    ,32.0    ,2          ,1            ,1               ,2             ,        ,21
31101 ,Kentville                            ,Kentville                            ,45.0666666666667,-64.4833333333333,1     ,3       ,                ,1          ,3       ,Kentville               ,32 MAIN STREET                                     ,51.5    ,4          ,1            ,1               ,2             ,        ,16
40104 ,Fredericton Needham                  ,Fredericton Needham                  ,45.957344       ,-66.645562       ,1     ,3       ,                ,1          ,4       ,Fredericton             ,486 Needham Street                                 ,25.0    ,2          ,1            ,1               ,2             ,        ,32
40203 ,Forest Hills                         ,Forest Hills                         ,45.30888        ,-66.00833        ,1     ,3       ,                ,1          ,4       ,Saint John              ,MOUNTAIN ROAD                                      ,153.0   ,2          ,1            ,1               ,2             ,        ,28
40207 ,West Side                            ,West Side                            ,45.25277        ,-66.08003        ,1     ,3       ,                ,1          ,4       ,Saint John              ,476 LANCASTER AVENUE W.                            ,54.0    ,2          ,1            ,1               ,2             ,        ,26
40209 ,Castle Street                        ,Castle Street                        ,45.2802777777778,-66.0561111111111,1     ,3       ,                ,1          ,4       ,Saint John              ,                                                   ,        ,1          ,1            ,1               ,2             ,        ,27
40302 ,Moncton                              ,Moncton                              ,46.10138        ,-64.78964        ,1     ,3       ,                ,1          ,4       ,Moncton                 ,5 THANET STREET                                    ,29.0    ,2          ,1            ,1               ,2             ,        ,31
40901 ,St. Andrews                          ,St. Andrews                          ,45.086912       ,-67.074036       ,1     ,3       ,                ,1          ,4       ,St. Andrews             ,BRANDY COVE ROAD                                   ,57.0    ,6          ,             ,0               ,2             ,        ,24
41302 ,Bathurst                             ,Bathurst                             ,47.6095277777778,-65.6335277777778,1     ,3       ,                ,1          ,4       ,Bathurst                ,1255 Rough Waters Drive                            ,54.0    ,           ,1            ,0               ,2             ,        ,35
41501 ,Edmundston Queen St.                 ,Edmundston rue Queen                 ,47.363195       ,-68.322302       ,1     ,3       ,                ,1          ,4       ,Edmundston              ,19 Queen St.                                       ,159.0   ,2          ,1            ,1               ,2             ,        ,33
49998 ,Campbellton                          ,Campbellton                          ,47.999336       ,-66.683511       ,1     ,3       ,                ,2          ,4       ,Campbellton             ,Campbellton                                        ,        ,           ,             ,0               ,2             ,        ,
50103 ,Saint-Jean-Baptiste                  ,Saint-Jean-Baptiste                  ,45.6408333333333,-73.4997222222222,2     ,4       ,                ,1          ,5       ,Montréal                ,"1050 A, BOUL. SAINT-JEAN-BAPTISTE"                ,        ,2          ,1            ,1               ,3             ,3       ,7
50109 ,Duncan & Décarie                     ,Duncan & Décarie                     ,45.5025         ,-73.66389        ,2     ,4       ,                ,1          ,5       ,Montréal                ,"2495 Duncan / Décarie, Mont-Royal"                ,        ,1          ,1            ,1               ,3             ,3       ,3
50113 ,Chomedey                             ,Chomedey                             ,45.5475         ,-73.74694        ,2     ,4       ,                ,1          ,5       ,Laval                   ,1160 BOUL PIE IX                                   ,49.0    ,2          ,1            ,0               ,3             ,3       ,12
50119 ,Bourassa                             ,Bourassa                             ,45.5216666666667,-73.4875         ,2     ,4       ,                ,1          ,5       ,Longueuil               ,FACE AU 1819 RUE VICTORIA                          ,34.0    ,2          ,1            ,0               ,3             ,3       ,15
50122 ,Parc Sorbonne                        ,Parc Sorbonne                        ,45.448663       ,-73.480819       ,2     ,4       ,                ,1          ,5       ,Brossard                ,8405 avenue Sorbonne                               ,17.0    ,2          ,1            ,1               ,3             ,3       ,14
50126 ,Sainte-Anne-de-Bellevue              ,Sainte-Anne-de-Bellevue              ,45.4266666666667,-73.9291666666667,2     ,4       ,                ,1          ,5       ,Montréal                ,"20965 CH. SAINTE-MARIE, STE-ANNEdB"               ,        ,2          ,1            ,1               ,3             ,3       ,1
50128 ,Aéroport de Montréal                 ,Aéroport de Montréal                 ,45.4680555555556,-73.7411111111111,2     ,4       ,                ,1          ,5       ,Montréal                ,"90-A rue Hervé-Saint-Martin, Dorval"              ,        ,1          ,1            ,1               ,3             ,3       ,2
50129 ,Rivière-des-Prairies                 ,Rivière-des-Prairies                 ,45.6517833      ,-73.5738         ,2     ,4       ,                ,1          ,5       ,Montréal                ,12400 WILFRID-OUELLETTE                            ,31.0    ,4          ,1            ,1               ,3             ,3       ,6
50131 ,Hochelaga-Maisonneuve                ,Hochelaga-Maisonneuve                ,45.53987        ,-73.54074        ,2     ,4       ,                ,1          ,5       ,Montréal                ,3250 STE-CATHERINE EST                             ,        ,1          ,             ,1               ,3             ,3       ,8
50133 ,Chenier                              ,Chenier                              ,45.60185        ,-73.54197        ,2     ,4       ,                ,1          ,5       ,Anjou                   ,8200A Rue Chenier                                  ,43.0    ,1          ,             ,1               ,3             ,3       ,5
50134 ,Saint-Joseph (Molson)                ,Saint-Joseph (Molson)                ,45.54271        ,-73.57176        ,2     ,4       ,                ,1          ,5       ,Montréal                ,2580 St-Joseph Est                                 ,46.0    ,           ,1            ,1               ,3             ,3       ,9
50135 ,Firehouse 17                         ,Caserne 17                           ,45.593325       ,-73.637328       ,2     ,4       ,                ,1          ,5       ,Montréal                ,4240 rue Charleroi                                 ,27.0    ,2          ,1            ,1               ,3             ,3       ,4
50136 ,St-Dominique                         ,St-Dominique                         ,45.5122194444   ,-73.5669222222   ,2     ,4       ,                ,1          ,5       ,Montréal                ,75 rue Ontario Est                                 ,42.0    ,1          ,1            ,1               ,3             ,3       ,11
50137 ,Parc Vaillant                        ,Parc Vaillant                        ,45.704754       ,-73.657777       ,2     ,4       ,                ,1          ,5       ,Terrebonne              ,905 rue Vaillant                                   ,30.0    ,2          ,1            ,1               ,3             ,3       ,13
50138 ,York-Roberval                        ,York-Roberval                        ,45.4645583333   ,-73.58275        ,2     ,4       ,                ,1          ,5       ,Montréal                ,1540 rue de Roberval                               ,25.0    ,2          ,1            ,1               ,3             ,3       ,10
50204 ,Hull (Île)                           ,Hull (Île)                           ,45.4369444444444,-75.7261111111111,2     ,4       ,                ,1          ,5       ,Gatineau                ,"255 St-Rédempteur, Hull"                          ,67.0    ,2          ,1            ,1               ,3             ,5       ,22
50308 ,Des Sables                           ,Des Sables                           ,46.8211111111111,-71.22083        ,2     ,4       ,                ,1          ,5       ,Québec                  ,600 RUE DES SABLES                                 ,22.0    ,2          ,1            ,1               ,3             ,14      ,44
50310 ,Saint-Charles Garnier                ,Saint-Charles Garnier                ,46.7969444444444,-71.2461111111111,2     ,4       ,                ,1          ,5       ,Québec                  ,1150 Boul. René-Lévesque O.                        ,82.0    ,2          ,1            ,1               ,3             ,14      ,43
50311 ,Parc Primevères                      ,Parc Primevères                      ,46.77416667     ,-71.36972222     ,2     ,4       ,                ,1          ,5       ,Québec                  ,1465 Rue Félix-Antione-Savard                      ,35.0    ,2          ,1            ,1               ,3             ,14      ,42
50404 ,Parc Cambron                         ,Parc Cambron                         ,45.4125         ,-71.874444       ,2     ,4       ,                ,1          ,5       ,Sherbrooke              ,"655, RUE PAPINEAU"                                ,211.0   ,2          ,             ,0               ,3             ,10      ,29
50504 ,Université Chicoutimi                ,Université Chicoutimi                ,48.41639        ,-71.0525         ,2     ,4       ,                ,1          ,5       ,Saguenay                ,"789 Coul. Des Étudiants, Chicoutimi"              ,80.0    ,2          ,             ,0               ,3             ,16      ,50
50604 ,Parc Tremblay                        ,Parc Tremblay                        ,48.23444        ,-78.98333        ,2     ,4       ,                ,1          ,5       ,Rouyin-Noranda          ,1570 RUE PARADIS                                   ,299.0   ,2          ,             ,0               ,3             ,9       ,27
50803 ,TROIS-RIVIERES-MEES                  ,TROIS-RIVIERES-MEES                  ,46.357175       ,-72.546187       ,2     ,4       ,                ,1          ,5       ,Trois-Rivières          ,"Mauricie English Elementary School, rue Whitehead",12.0    ,2          ,             ,0               ,3             ,3       ,37
51201 ,Frigon                               ,Frigon                               ,46.5544444444444,-72.73556        ,2     ,4       ,                ,1          ,5       ,Shawinigan              ,363 RUE FRIGON                                     ,120.0   ,3          ,             ,0               ,3             ,12      ,39
51501 ,Zéphirin                             ,Zéphirin                             ,46.0425         ,-72.66           ,2     ,4       ,                ,1          ,5       ,St-Zéphirin-de-Courval  ,701 RANG SAINT-MICHEL                              ,50.0    ,4          ,             ,0               ,3             ,11      ,32
52001 ,Charette                             ,Charette                             ,46.44111        ,-72.8927777777778,2     ,4       ,                ,1          ,5       ,Charette                ,AU NORD DU 170 2E RANG                             ,121.0   ,5          ,             ,0               ,3             ,12      ,38
52201 ,Saint-Simon                          ,Saint-Simon                          ,45.71583        ,-72.84028        ,2     ,4       ,                ,1          ,5       ,Saint-Simon             ,"Derrière le 83, 4e rang Est"                      ,45.0    ,4          ,             ,0               ,3             ,3       ,18
52301 ,Saint Faustin                        ,Saint Faustin                        ,46.035          ,-74.480833       ,2     ,4       ,                ,1          ,5       ,Saint-Faustin-Lac-Carré ,CHEMIN DU LAC (CARIBOU)                            ,416.0   ,4          ,             ,0               ,3             ,4       ,21
52401 ,La Pêche                             ,La Pêche                             ,45.6222222222222,-76.0177777777778,2     ,4       ,                ,1          ,5       ,La Pêche                ,LAC PHILIPPE - MASHAM                              ,211.0   ,5          ,             ,0               ,3             ,6       ,23
52701 ,Temiscaming                          ,Temiscaming                          ,46.7213889      ,-79.0997222      ,2     ,4       ,                ,1          ,5       ,Témiscaming             ,RUE BOUCHER                                        ,264.0   ,3          ,             ,0               ,3             ,8       ,25
52801 ,Auclair                              ,Auclair                              ,47.73333        ,-68.70722        ,2     ,4       ,                ,1          ,5       ,Auclair                 ,66 Rang St-Grégoire Nord                           ,325.0   ,5          ,             ,0               ,3             ,15      ,48
53201 ,Pémonca                              ,Pémonca                              ,48.80972        ,-72.73889        ,2     ,4       ,                ,1          ,5       ,La Doré                 ,"Route 167, La Doré"                               ,265.0   ,5          ,             ,0               ,3             ,17      ,51
53301 ,Deschambault-Ramco                   ,Deschambault-Ramco                   ,46.6822222222222,-71.9677777777778,2     ,4       ,                ,1          ,5       ,Deschambault            ,"334, 3 E RANG - DESHAMBAULT"                      ,22.0    ,4          ,             ,0               ,3             ,14      ,40
53501 ,François                             ,François                             ,47.0147222222222,-70.8644444444444,2     ,4       ,                ,1          ,5       ,Saint-François          ,"Face au 198 Royale, Île d'Orléans"                ,66.0    ,4          ,             ,1               ,3             ,14      ,46
53601 ,Notre-Dame du Rosaire                ,Notre-Dame du Rosaire                ,46.8508333333333,-70.4527777777778,2     ,4       ,                ,1          ,5       ,Notre-Dame-Du-Rosaire   ,RANG ST-LOUIS                                      ,424.0   ,5          ,             ,0               ,3             ,14      ,47
53701 ,Hilaire                              ,Hilaire                              ,45.82472        ,-70.85583        ,2     ,4       ,                ,1          ,5       ,St-Hilaire-De-Dorset    ,RANG DORSET                                        ,516.0   ,5          ,             ,0               ,3             ,10      ,31
53801 ,Tingwick                             ,Tingwick                             ,45.9075         ,-71.9491666666667,2     ,4       ,                ,1          ,5       ,Tingwick                ,CHEMIN RADAR ET WARWICK                            ,267.0   ,4          ,             ,0               ,3             ,11      ,33
53901 ,Édouard                              ,Édouard                              ,47.6472222222222,-72.29056        ,2     ,4       ,                ,1          ,5       ,Lac-Édouard             ,Derrière l'hôpital village                         ,371.0   ,5          ,             ,0               ,3             ,13      ,49
54102 ,Mont Sutton/Round Top Ridge          ,Mont Sutton/Round Top Ridge          ,45.0886111111111,-72.5569444444444,2     ,4       ,                ,1          ,5       ,Sutton                  ,MONT SUTTON/ROUND TOP RIDGE                        ,850.0   ,6          ,             ,0               ,3             ,10      ,52
54201 ,Chapais                              ,Chapais                              ,49.82222        ,-74.97639        ,2     ,4       ,                ,1          ,5       ,                        ,                                                   ,381.0   ,           ,             ,0               ,3             ,19      ,53
54401 ,Saint-Anicet                         ,Saint-Anicet                         ,45.1166666666667,-74.2833333333333,2     ,4       ,                ,1          ,5       ,Saint-Anicet            ,1128 DE LA GUERRE                                  ,53.0    ,4          ,1            ,1               ,3             ,3       ,16
54703 ,Bécancour                            ,Bécancour                            ,46.35           ,-72.4333333333333,2     ,4       ,                ,1          ,5       ,Bécancour               ,8310 Boul. Bécancour                               ,23.0    ,2          ,             ,0               ,3             ,11      ,35
54901 ,Ditton                               ,Ditton                               ,45.37389        ,-71.25           ,2     ,4       ,                ,1          ,5       ,La Patrie               ,RANG PETIT CANADA OUEST                            ,485.0   ,5          ,             ,0               ,3             ,10      ,30
55001 ,Mont Saint-Michel                    ,Mont Saint-Michel                    ,46.7686111111111,-75.4319444444444,2     ,4       ,                ,1          ,5       ,Ferme Neuve             ,215 4e Rang Gravel                                 ,268.0   ,5          ,             ,0               ,3             ,7       ,24
55101 ,Bell                                 ,Bell                                 ,48.4325         ,-77.19972        ,2     ,4       ,                ,1          ,5       ,Senneterre              ,Chemin Rivière Bell                                ,309.0   ,5          ,             ,0               ,3             ,9       ,26
55301 ,L'Acadie                             ,L'Acadie                             ,45.294166       ,-73.34888        ,2     ,4       ,                ,1          ,5       ,Saint-Jean-Sur-Richelieu,"FERME EXP., 1134 ROUTE 219"                       ,48.0    ,4          ,             ,0               ,3             ,3       ,17
55401 ,Roy                                  ,Roy                                  ,46.36246        ,-72.510093       ,2     ,4       ,                ,1          ,5       ,Trois-Rivière           ,Intersection des rues Dorval et Roy                ,20.0    ,2          ,             ,0               ,3             ,12      ,36
55501 ,Frelighsburg                         ,Frelighsburg                         ,45.05166        ,-72.86166        ,2     ,4       ,                ,1          ,5       ,Frelighsburg            ,FRELIGHSBURG                                       ,206.0   ,5          ,             ,0               ,3             ,10      ,54
55601 ,Mingan                               ,Mingan                               ,50.26666        ,-64.21666        ,2     ,4       ,                ,1          ,5       ,Mingan                  ,MINGAN                                             ,17.0    ,6          ,             ,0               ,3             ,18      ,55
55702 ,Parc Georges Maranda                 ,Parc Georges Maranda                 ,46.80598        ,-71.167448       ,2     ,4       ,                ,1          ,5       ,Lévis                   ,200 rue des Commandeurs                            ,106.0   ,2          ,1            ,1               ,3             ,14      ,45
60104 ,Ottawa Downtown                      ,Ottawa - centre-ville                ,45.434329       ,-75.676003       ,3     ,4       ,                ,1          ,6       ,Ottawa                  ,RIDEAU & WURTEMBURG                                ,88.0    ,1          ,1            ,1               ,4             ,        ,36
60204 ,Windsor Downtown                     ,Windsor - centre-ville               ,42.315778       ,-83.043667       ,3     ,4       ,                ,1          ,6       ,Windsor                 ,467 UNIVERSITY AVE. WEST                           ,191.0   ,1          ,1            ,1               ,4             ,        ,1
60211 ,Windsor West                         ,Windsor - ouest                      ,42.292889       ,-83.073139       ,3     ,4       ,                ,1          ,6       ,Windsor                 ,COLLEGE & SOUTH ST.                                ,187.0   ,2          ,1            ,1               ,4             ,        ,2
60304 ,Kingston                             ,Kingston                             ,44.219867       ,-76.521128       ,3     ,4       ,                ,1          ,6       ,Kingston                ,23 Beechgrove Lane                                 ,83.5    ,2          ,1            ,1               ,4             ,        ,34
60410 ,Toronto East                         ,Toronto - est                        ,43.747917       ,-79.274056       ,3     ,4       ,                ,1          ,6       ,Toronto                 ,LAWRENCE & KENNEDY                                 ,165.0   ,2          ,1            ,1               ,4             ,        ,24
60424 ,Toronto Downtown                     ,Toronto - centre-ville               ,43.662972       ,-79.388111       ,3     ,4       ,                ,1          ,6       ,Toronto                 ,BAY & WELLESLEY                                    ,113.0   ,1          ,1            ,1               ,4             ,        ,23
60430 ,Toronto West                         ,Toronto - ouest                      ,43.709444       ,-79.5435         ,3     ,4       ,                ,1          ,6       ,Toronto                 ,125 RESOURCES ROAD                                 ,133.0   ,1          ,1            ,1               ,4             ,        ,26
60434 ,Mississauga                          ,Mississauga                          ,43.54697        ,-79.65869        ,3     ,4       ,                ,1          ,6       ,Mississauga             ,3359 Mississauga Road North                        ,        ,           ,1            ,1               ,4             ,        ,18
60436 ,Hanlan's Point (Toronto Island)      ,Hanlan's Point (Toronto Island)      ,43.612222       ,-79.388778       ,3     ,4       ,                ,1          ,6       ,Toronto                 ,Toronto Island                                     ,75.0    ,5          ,1            ,1               ,4             ,        ,22
60437 ,York University                      ,York University                      ,43.767639       ,-79.505972       ,3     ,4       ,                ,1          ,6       ,Toronto                 ,Passy Crescent & Assiniboine Rd                    ,184.0   ,2          ,1            ,1               ,4             ,        ,25
60440 ,Toronto North                        ,Toronto North                        ,43.78047        ,-79.467372       ,3     ,4       ,                ,1          ,6       ,Toronto                 ,4905 Dufferin Street                               ,186.0   ,2          ,1            ,1               ,4             ,        ,20
60450 ,Brampton                             ,Brampton                             ,43.669911       ,-79.766589       ,3     ,4       ,                ,1          ,6       ,Brampton                ,109 McLaughlin Road South                          ,218.0   ,2          ,1            ,1               ,4             ,        ,21
60512 ,Hamilton Downtown                    ,Hamilton - centre-ville              ,43.257778       ,-79.861667       ,3     ,4       ,                ,1          ,6       ,Hamilton                ,ELGIN & KELLY                                      ,94.0    ,1          ,1            ,1               ,4             ,        ,13
60515 ,Hamilton West                        ,Hamilton Ouest                       ,43.257444       ,-79.90775        ,3     ,4       ,                ,1          ,6       ,Hamilton                ,Main St. W./hwy 403                                ,99.0    ,2          ,1            ,0               ,4             ,        ,15
60521 ,Hamilton Mountain                    ,Hamilton Mountain                    ,43.24132        ,-79.88941        ,3     ,4       ,                ,1          ,6       ,Hamilton                ,250 Fennell Ave. W.                                ,195.0   ,2          ,1            ,1               ,4             ,        ,14
60610 ,Sudbury                              ,Sudbury                              ,46.491941       ,-81.003105       ,3     ,4       ,                ,1          ,6       ,Sudbury                 ,155 Elm Street                                     ,271.0   ,1          ,1            ,1               ,4             ,        ,39
60709 ,Sault Ste. Marie                     ,Sault Ste. Marie                     ,46.533194       ,-84.309917       ,3     ,4       ,                ,1          ,6       ,Sault Sainte Marie      ,"443 NORTHERN AVE., SAULT COLLEGE"                 ,248.0   ,3          ,1            ,1               ,4             ,        ,40
60808 ,Thunder Bay                          ,Thunder Bay                          ,48.379388       ,-89.290161       ,3     ,4       ,                ,1          ,6       ,Thunder Bay             ,421 JAMES STREET SOUTH                             ,187.0   ,2          ,1            ,1               ,4             ,        ,41
60904 ,London                               ,London                               ,42.974461       ,-81.200858       ,3     ,4       ,                ,1          ,6       ,London                  ,42 St. Julien Street                               ,244.0   ,2          ,1            ,1               ,4             ,        ,6
61009 ,Sarnia                               ,Sarnia                               ,42.9902638889   ,-82.3953416667   ,3     ,4       ,                ,1          ,6       ,Sarnia                  ,720 Christina St. N.                               ,182.0   ,2          ,1            ,1               ,4             ,        ,4
61104 ,Peterborough                         ,Peterborough                         ,44.301917       ,-78.346222       ,3     ,4       ,                ,1          ,6       ,Peterborough            ,10 HOSPITAL DRIVE                                  ,        ,2          ,1            ,1               ,4             ,        ,30
61201 ,Cornwall                             ,Cornwall                             ,45.017972       ,-74.735222       ,3     ,4       ,                ,1          ,6       ,Cornwall                ,BEDFORD & THIRD ST.                                ,57.0    ,2          ,1            ,1               ,4             ,        ,35
61302 ,St Catharines                        ,St Catharines                        ,43.160056       ,-79.23475        ,3     ,4       ,                ,1          ,6       ,St. Catharines          ,ARGYLE CRESCENT                                    ,123.0   ,1          ,1            ,1               ,4             ,        ,12
61402 ,Brantford                            ,Brantford                            ,43.138611       ,-80.292639       ,3     ,4       ,                ,1          ,6       ,Brantford               ,324 GRAND RIVER AVE.                               ,183.0   ,1          ,1            ,1               ,4             ,        ,9
61502 ,Kitchener                            ,Kitchener                            ,43.443833       ,-80.503806       ,3     ,4       ,                ,1          ,6       ,Kitchener               ,WEST AVE. & HOMEWOOD                               ,340.0   ,1          ,1            ,1               ,4             ,        ,10
61603 ,Oakville                             ,Oakville                             ,43.486917       ,-79.702278       ,3     ,4       ,                ,1          ,6       ,Oakville                ,8TH LINE/GLENASHTON DR.                            ,180.0   ,2          ,1            ,1               ,4             ,        ,17
61703 ,Oshawa                               ,Oshawa                               ,43.95222        ,-78.9125         ,3     ,4       ,                ,1          ,6       ,Oshawa                  ,Britannia Ave. W.                                  ,49.0    ,2          ,1            ,1               ,4             ,        ,27
61802 ,Guelph                               ,Guelph                               ,43.551611       ,-80.264167       ,3     ,4       ,                ,1          ,6       ,Guelph                  ,70 DIVISION STREET                                 ,339.0   ,2          ,1            ,1               ,4             ,        ,11
62001 ,North Bay                            ,North Bay                            ,46.323194       ,-79.449278       ,3     ,4       ,                ,1          ,6       ,North Bay               ,CHIPPEWA ST.                                       ,207.0   ,2          ,1            ,1               ,4             ,        ,38
62501 ,Tiverton                             ,Tiverton                             ,44.314472       ,-81.549722       ,3     ,4       ,                ,1          ,6       ,Tiverton                ,BRUCE NUCLEAR VISITOR CTR                          ,200.0   ,6          ,1            ,1               ,4             ,        ,8
63001 ,Burlington                           ,Burlington                           ,43.315111       ,-79.802639       ,3     ,4       ,                ,1          ,6       ,Burlington              ,HWY 2 & NORTH SHORE BLVD.                          ,275.0   ,2          ,1            ,1               ,4             ,        ,16
63301 ,Dorset                               ,Dorset                               ,45.224278       ,-78.932944       ,3     ,4       ,                ,1          ,6       ,Dorset                  ,HWY 117 & PAINT LAKE ROAD                          ,326.0   ,5          ,1            ,1               ,4             ,        ,31
63701 ,Grand Bend                           ,Grand Bend                           ,43.333083       ,-81.742889       ,3     ,4       ,                ,1          ,6       ,Grand Bend              ,HWY 21 & COUNTY RD 83                              ,195.0   ,6          ,1            ,1               ,4             ,        ,7
64001 ,Experimental Lakes                   ,Experimental Lakes                   ,49.6638888888889,-93.7211111111111,3     ,4       ,                ,1          ,6       ,Exp. Lakes Area         ,EXP. LAKES AREA                                    ,372.0   ,5          ,             ,0               ,4             ,        ,42
64101 ,Algoma                               ,Algoma                               ,47.035          ,-84.3811111111111,3     ,4       ,                ,1          ,6       ,Algoma                  ,ALGOMA                                             ,414.0   ,5          ,             ,0               ,4             ,        ,43
64401 ,Egbert                               ,Egbert                               ,44.2325         ,-79.7813888888889,3     ,4       ,                ,1          ,6       ,Egbert                  ,EGBERT                                             ,256.0   ,4          ,             ,0               ,4             ,        ,44
65001 ,Barrie                               ,Barrie                               ,44.382361       ,-79.702306       ,3     ,4       ,                ,1          ,6       ,Barrie                  ,85 PERRY STREET                                    ,        ,2          ,1            ,1               ,4             ,        ,29
65101 ,Newmarket                            ,Newmarket                            ,44.044306       ,-79.48325        ,3     ,4       ,                ,1          ,6       ,Newmarket               ,EAGLE ST. & McCAFFREY RD.                          ,        ,2          ,1            ,1               ,4             ,        ,28
65201 ,Parry Sound                          ,Parry Sound                          ,45.337861       ,-80.038167       ,3     ,4       ,                ,1          ,6       ,Parry Sound             ,7 BAY STREET                                       ,        ,2          ,1            ,1               ,4             ,        ,32
65301 ,Port Stanley                         ,Port Stanley                         ,42.672083       ,-81.162889       ,3     ,4       ,                ,1          ,6       ,Port Stanley            ,43665 DEXTER LINE                                  ,217.0   ,1          ,1            ,1               ,4             ,        ,5
65401 ,Belleville                           ,Belleville                           ,44.150528       ,-77.3955         ,3     ,4       ,                ,1          ,6       ,Belleville              ,2 SIDNEY STREET                                    ,90.0    ,2          ,1            ,1               ,4             ,        ,33
65801 ,Chatham                              ,Chatham                              ,42.403694       ,-82.208306       ,3     ,4       ,                ,1          ,6       ,Chatam                  ,435 GRAND AVENUE W.                                ,193.0   ,1          ,1            ,1               ,4             ,        ,3
65901 ,Pickle Lake                          ,Pickle Lake                          ,51.44944        ,-90.2175         ,3     ,4       ,                ,1          ,6       ,Pickle Lake             ,PICKLE LAKE                                        ,373.0   ,6          ,             ,0               ,4             ,        ,45
66101 ,Bonner Lake                          ,Bonner Lake                          ,49.386389       ,-82.121389       ,3     ,4       ,                ,1          ,6       ,Moonbeam                ,                                                   ,245.0   ,           ,             ,0               ,4             ,        ,46
66201 ,Petawawa                             ,Petawawa                             ,45.996722       ,-77.441194       ,3     ,4       ,                ,1          ,6       ,Petawawa                ,Petawawa Research Forest Facility                  ,6.0     ,5          ,1            ,1               ,4             ,        ,37
67001 ,Milton                               ,Milton                               ,43.52965        ,-79.862449       ,3     ,4       ,                ,1          ,6       ,Milton                  ,"1120 Main St. E., Milton, ON"                     ,206.0   ,2          ,1            ,1               ,4             ,2       ,19
70118 ,City of Winnipeg Flood Pump Station  ,City of Winnipeg Flood Pump Station  ,49.93229        ,-97.11327        ,4     ,5       ,                ,1          ,7       ,Winnipeg                ,JEFFERSON & SCOTIA                                 ,231.0   ,2          ,1            ,1               ,5             ,        ,40
70119 ,Winnipeg - 65 Ellen Street           ,Winnipeg - 65 Ellen Street           ,49.89795        ,-97.14665        ,4     ,5       ,                ,1          ,7       ,Winnipeg                ,65 ELLEN STREET                                    ,230.0   ,1          ,1            ,1               ,5             ,        ,41
70203 ,Assiniboine Comm. College            ,Assiniboine Comm. College            ,49.84225        ,-99.919          ,4     ,5       ,                ,1          ,7       ,Brandon                 ,1430 VICTORIA AVENUE EAST                          ,395.5   ,2          ,1            ,1               ,5             ,        ,42
70301 ,Flin Flon                            ,Flin Flon                            ,54.768525       ,-101.877657      ,4     ,5       ,                ,1          ,7       ,Flin Flon               ,143 MAIN STREET                                    ,333.0   ,1          ,             ,0               ,5             ,        ,53
70501 ,Thompson                             ,Thompson                             ,55.747194       ,-97.873528       ,4     ,5       ,                ,1          ,7       ,Thompson                ,                                                   ,222.0   ,2          ,             ,0               ,5             ,        ,62
80110 ,Regina                               ,Regina                               ,50.45017        ,-104.61722       ,4     ,8       ,                ,1          ,8       ,Regina                  ,2505 11TH. AVENUE                                  ,        ,1          ,1            ,1               ,5             ,        ,46
80211 ,Corman Park                          ,Corman Park                          ,52.13613        ,-106.66293       ,4     ,8       ,                ,1          ,8       ,Saskatoon               ,511 1ST AVENUE NORTH                               ,        ,1          ,1            ,1               ,5             ,        ,44
80402 ,Prince Albert                        ,Prince Albert                        ,53.201694       ,-105.75203       ,4     ,8       ,                ,1          ,8       ,Prince Albert           ,63 - 12th STREET EAST                              ,        ,1          ,1            ,1               ,5             ,        ,43
80502 ,Estevan                              ,Estevan                              ,49.13235        ,-102.98499       ,4     ,8       ,                ,1          ,8       ,Estevan                 ,530 1A street                                      ,563.0   ,2          ,1            ,1               ,5             ,        ,48
80901 ,Bratt's Lake                         ,Bratt's Lake                         ,50.2027777777778,-104.204166666667,4     ,8       ,                ,1          ,8       ,Bratt's Lake            ,RADIATION OBSERVATORY                              ,592.0   ,4          ,             ,0               ,5             ,        ,47
81001 ,Speedy Creek                         ,Speedy Creek                         ,50.285833       ,-107.81689       ,4     ,8       ,                ,1          ,8       ,Swift Current           ,1200 Begg Street West                              ,760.0   ,1          ,1            ,1               ,5             ,        ,45
82001 ,Pinehouse Lake                       ,Pinehouse Lake                       ,55.50333        ,-106.72167       ,4     ,8       ,                ,1          ,8       ,                        ,                                                   ,404.0   ,5          ,             ,0               ,5             ,        ,55
90120 ,Edmonton South                       ,Edmonton - sud                       ,53.50022        ,-113.526         ,4     ,6       ,                ,1          ,9       ,Edmonton                ,6240 113 STREET                                    ,680.0   ,2          ,1            ,1               ,6             ,        ,23
90121 ,Edmonton East                        ,Edmonton - est                       ,53.5475         ,-113.366666666667,4     ,6       ,                ,1          ,9       ,Edmonton                ,17 STREET & 105 AVENUE                             ,674.0   ,3          ,1            ,1               ,6             ,        ,22
90130 ,Edmonton Central                     ,Edmonton - centre                    ,53.54449        ,-113.49893       ,4     ,6       ,                ,1          ,9       ,Edmonton                ,10255 - 104TH STREET                               ,671.5   ,1          ,1            ,1               ,6             ,        ,21
90133 ,Woodcroft                            ,Woodcroft                            ,53.564411       ,-113.562583      ,4     ,6       ,                ,1          ,9       ,Edmonton                ,13915 - 115 Ave NW Edmonton                        ,670.0   ,2          ,1            ,1               ,6             ,        ,24
90134 ,Sherwood Park                        ,Sherwood Park                        ,53.53209        ,-113.32098       ,4     ,6       ,                ,1          ,9       ,Sherwood Park           ,                                                   ,712.0   ,2          ,1            ,1               ,6             ,        ,25
90135 ,Ardrossan                            ,Ardrossan                            ,53.55469        ,-113.1449        ,4     ,6       ,                ,1          ,9       ,Ardrossan               ,                                                   ,710.0   ,2          ,1            ,1               ,6             ,        ,26
90136 ,St. Albert                           ,St. Albert                           ,53.6269722      ,-113.6119166     ,4     ,6       ,                ,1          ,9       ,St. Albert              ,                                                   ,694.0   ,2          ,1            ,1               ,6             ,        ,20
90222 ,Calgary Northwest                    ,Calgary - nord-ouest                 ,51.0802777777778,-114.143055555556,4     ,6       ,                ,1          ,9       ,Calgary                 ,39 ST. & 29 AVE. N.W.                              ,1123.5  ,2          ,1            ,1               ,6             ,        ,34
90228 ,Calgary Central                      ,Calgary - centre                     ,51.0476111111111,-114.075166666667,4     ,6       ,                ,1          ,9       ,Calgary                 ,620 7th Ave South-West                             ,1050.0  ,1          ,1            ,1               ,6             ,        ,35
90229 ,Calgary Southeast                    ,Calgary - sud-est                    ,50.955122       ,-113.969742      ,4     ,6       ,                ,1          ,9       ,Calgary                 ,4700 110 Avenue SE                                 ,1032.0  ,3          ,1            ,1               ,6             ,        ,36
90250 ,Airdrie                              ,Airdrie                              ,51.26808        ,-114.03779       ,4     ,6       ,                ,1          ,9       ,Airdrie                 ,Chinook Winds Park                                 ,1089.0  ,6          ,1            ,1               ,6             ,        ,33
90302 ,Red Deer - Riverside Drive           ,Red Deer - Riverside Drive           ,52.2988888888889,-113.794166666667,4     ,6       ,                ,1          ,9       ,Red Deer                ,73 STREET & RIVERSIDE DRIVE                        ,862.5   ,1          ,1            ,1               ,6             ,        ,31
90304 ,Red Deer - Lancaster                 ,Red Deer - Lancaster                 ,52.24095        ,-113.765439      ,4     ,6       ,                ,1          ,9       ,Red Deer                ,11 Lancaster Drive                                 ,907.0   ,2          ,1            ,1               ,6             ,        ,30
90402 ,Crescent Heights                     ,Crescent Heights                     ,50.05325        ,-110.68849       ,4     ,6       ,                ,1          ,9       ,Medicine Hat            ,12th ST NW & Division Ave.                         ,713.5   ,2          ,1            ,1               ,6             ,        ,38
90502 ,Lethbridge                           ,Lethbridge                           ,49.71611        ,-112.80042       ,4     ,6       ,                ,1          ,9       ,Lethbridge              ,                                                   ,0.0     ,2          ,1            ,1               ,6             ,        ,37
90601 ,Fort Saskatchewan                    ,Fort Saskatchewan                    ,53.71           ,-113.222222222222,4     ,6       ,                ,1          ,9       ,Fort Saskatchewan       ,9209A-96 Ave                                       ,633.8   ,2          ,1            ,1               ,6             ,        ,16
90602 ,Range Road 220                       ,Range Road 220                       ,53.75236        ,-113.12589       ,4     ,6       ,                ,1          ,9       ,Fort Saskatchewan       ,RGE RD 220 & RIVER ROAD                            ,630.0   ,4          ,             ,0               ,6             ,        ,57
90603 ,Ross Creek                           ,Ross Creek                           ,53.71622        ,-113.19994       ,4     ,6       ,                ,1          ,9       ,Fort Saskatchewan       ,100 AVE EAST OF 109ST.                             ,621.0   ,3          ,             ,0               ,6             ,        ,59
90604 ,Scotford                             ,Scotford                             ,53.7914156      ,-113.078667      ,4     ,6       ,                ,1          ,9       ,Fort Saskatchewan       ,RGE RD 214 TWP RD 560                              ,653.0   ,6          ,             ,0               ,6             ,        ,60
90606 ,Bruderheim                           ,Bruderheim                           ,53.800119       ,-112.927797      ,4     ,6       ,                ,1          ,9       ,Bruderheim              ,                                                   ,        ,2          ,1            ,1               ,6             ,        ,17
90607 ,Gibbons                              ,Gibbons                              ,53.827241       ,-113.327174      ,4     ,6       ,                ,1          ,9       ,Gibbons                 ,Behind 4807 50 Ave                                 ,673.0   ,2          ,1            ,1               ,6             ,        ,15
90608 ,Redwater                             ,Redwater                             ,53.951834       ,-113.105857      ,4     ,6       ,                ,1          ,9       ,Redwater                ,4704 49th Avenue                                   ,627.0   ,2          ,1            ,1               ,6             ,        ,58
90701 ,Athabasca Valley                     ,Vallée de l'Athabasca                ,56.7328         ,-111.3902        ,4     ,6       ,                ,1          ,9       ,Fort McMurray           ,FRANKLIN AVENUE                                    ,264.0   ,2          ,1            ,1               ,6             ,        ,7
90702 ,Patricia McInnes                     ,Patricia McInnes                     ,56.7522222222222,-111.476111111111,4     ,6       ,                ,1          ,9       ,Fort McMurray           ,TIMBERLEA SUBDIVISION                              ,359.0   ,2          ,1            ,1               ,6             ,        ,8
90801 ,Fort McKay                           ,Fort McKay                           ,57.189406       ,-111.640504      ,4     ,6       ,                ,1          ,9       ,Fort McKay              ,MAIN STREET                                        ,276.0   ,2          ,1            ,1               ,6             ,        ,5
90806 ,Syncrude UE1                         ,Syncrude UE1                         ,57.1492         ,-111.6424        ,4     ,6       ,                ,1          ,9       ,Fort McKay              ,                                                   ,346.0   ,5          ,1            ,0               ,6             ,        ,6
91001 ,Esther                               ,Esther                               ,51.6666666667   ,-110.2           ,4     ,6       ,                ,1          ,9       ,Esther                  ,                                                   ,        ,6          ,             ,0               ,6             ,        ,52
91101 ,Elk Island National Park             ,Parc national Elk Island             ,53.68233        ,-112.86822       ,4     ,6       ,                ,1          ,9       ,Elk Island              ,NATIONAL PARK                                      ,717.0   ,6          ,1            ,1               ,6             ,        ,18
91301 ,Tomahawk                             ,Tomahawk                             ,53.37255        ,-114.76835       ,4     ,6       ,                ,1          ,9       ,Tomahawk                ,SE 2 51 6 W5                                       ,802.0   ,4          ,1            ,1               ,6             ,        ,27
91401 ,Violet Grove                         ,Violet Grove                         ,53.1422222222222,-115.138055555556,4     ,6       ,                ,1          ,9       ,Violet Grove            ,SE 17 48 08 W5                                     ,1002.0  ,4          ,             ,0               ,6             ,        ,63
91501 ,Beaverlodge                          ,Beaverlodge                          ,55.1969444444445,-119.394444444444,4     ,6       ,                ,1          ,9       ,Beaverlodge             ,BEAVERLODGE RESEARCH FARM                          ,766.5   ,4          ,1            ,1               ,6             ,        ,9
91601 ,Carrot Creek                         ,Carrot Creek                         ,53.6072222222222,-115.876944444444,4     ,6       ,                ,1          ,9       ,Carrot Creek            ,SE 31 53 13 W5                                     ,802.0   ,4          ,             ,0               ,6             ,        ,50
91701 ,Steeper                              ,Steeper                              ,53.1325         ,-117.091111111111,4     ,6       ,                ,1          ,9       ,Steeper                 ,NE 12 48 22 W5                                     ,1402.0  ,5          ,1            ,0               ,6             ,        ,29
91801 ,Fort Chipewyan                       ,Fort Chipewyan                       ,58.7            ,-111.133333333333,4     ,6       ,                ,1          ,9       ,Fort Chipewyan          ,FORT CHIPEWYAN                                     ,240.0   ,6          ,1            ,1               ,6             ,        ,4
91901 ,Caroline                             ,Caroline                             ,51.95           ,-114.7           ,4     ,6       ,                ,1          ,9       ,Caroline                ,16-30-034-5 W5                                     ,1142.0  ,4          ,1            ,0               ,6             ,        ,32
92001 ,Grande Prairie - Henry Pirker Station,Grande Prairie - Henry Pirker Station,55.1767         ,-118.8063        ,4     ,6       ,                ,1          ,9       ,Grande Prairie          ,10327 - 107 AVENUE                                 ,663.0   ,2          ,1            ,1               ,6             ,        ,10
92201 ,Lamont County                        ,Comté de Lamont                      ,53.7603611      ,-112.8801667     ,4     ,6       ,                ,1          ,9       ,Lamont                  ,RGE RD 203 & TWP RD 550                            ,772.0   ,4          ,1            ,1               ,6             ,        ,19
92601 ,Breton                               ,Breton                               ,53.090299       ,-114.460608      ,4     ,6       ,                ,1          ,9       ,Breton                  ,Highway 20                                         ,905.0   ,2          ,             ,0               ,6             ,        ,49
92801 ,Drayton Valley                       ,Drayton Valley                       ,53.2196         ,-114.9718        ,4     ,6       ,                ,1          ,9       ,                        ,                                                   ,863.0   ,           ,             ,0               ,6             ,        ,51
92901 ,Edson                                ,Edson                                ,53.5874         ,-116.4306        ,4     ,6       ,                ,1          ,9       ,                        ,                                                   ,894.0   ,           ,1            ,0               ,6             ,        ,14
93101 ,Genesee                              ,Genesee                              ,53.3016         ,-114.2211        ,4     ,6       ,                ,1          ,9       ,Thorsby                 ,Range Road 15                                      ,772.0   ,2          ,1            ,1               ,6             ,        ,28
93202 ,Hinton                               ,Hinton                               ,53.4273011      ,-117.544067      ,4     ,6       ,                ,1          ,9       ,Hinton                  ,                                                   ,984.0   ,2          ,1            ,1               ,6             ,        ,13
93801 ,Meadows                              ,Meadows                              ,53.53           ,-114.6361        ,4     ,6       ,                ,1          ,9       ,Warburg                 ,Range Road 34                                      ,753.0   ,4          ,             ,0               ,6             ,        ,54
93901 ,Power                                ,Power                                ,53.633          ,-114.4199        ,4     ,6       ,                ,1          ,9       ,Thorsby                 ,Range Road 11                                      ,704.0   ,4          ,             ,0               ,6             ,        ,56
94202 ,Wagner 2                             ,Wagner 2                             ,53.493889       ,-114.449722      ,4     ,6       ,                ,1          ,9       ,                        ,                                                   ,760.0   ,4          ,             ,0               ,6             ,        ,64
94301 ,Cold Lake South                      ,Cold Lake South                      ,54.458          ,-110.174         ,4     ,6       ,                ,1          ,9       ,Bonnyville              ,5105-50th Avenue                                   ,712.0   ,           ,1            ,1               ,6             ,        ,11
94401 ,St. Lina                             ,St. Lina                             ,54.216472       ,-111.502639      ,4     ,6       ,                ,1          ,9       ,                        ,                                                   ,        ,4          ,1            ,1               ,6             ,        ,12
100103,New Westminster                      ,New Westminster                      ,49.227045       ,-122.894487      ,5     ,7       ,                ,1          ,10      ,New Westminster         ,"351 E. Columbia Street, New Westminster, BC"      ,45.0    ,2          ,1            ,1               ,7             ,1       ,
100110,Kensington Park                      ,Kensington Park                      ,49.2794444444444,-122.971111111111,5     ,7       ,                ,1          ,10      ,GVRD - Burnaby          ,6400 E. HASTINGS & KENSINGTON                      ,137.0   ,2          ,1            ,1               ,7             ,1       ,
100111,Rocky Pt. Park                       ,Rocky Pt. Park                       ,49.28083        ,-122.84917       ,5     ,7       ,                ,1          ,10      ,GVRD - Port Moody       ,MOODY & ESPLANADE PORT MOODY                       ,18.0    ,3          ,1            ,1               ,7             ,1       ,
100112,Robson Square                        ,Robson Square                        ,49.28222        ,-123.12119       ,5     ,7       ,                ,1          ,10      ,GVRD - Vancouver        ,ROBSON/HORNBY                                      ,57.0    ,1          ,             ,0               ,7             ,1       ,
100118,Kitsilano                            ,Kitsilano                            ,49.26167        ,-123.16333       ,5     ,7       ,                ,1          ,10      ,GVRD - Vancouver        ,2550 WEST 10TH AVENUE                              ,67.0    ,2          ,1            ,1               ,7             ,1       ,
100119,Burnaby South                        ,Burnaby South                        ,49.21528        ,-122.98556       ,5     ,7       ,                ,1          ,10      ,GVRD - Burnaby          ,5455 RUMBLE STREET                                 ,160.0   ,2          ,1            ,1               ,7             ,1       ,
100121,Second Narrows                       ,Second Narrows                       ,49.30167        ,-123.02028       ,5     ,7       ,                ,1          ,10      ,GVRD - Vancouver        ,75 RIVERSIDE DR. N. VANCOUVER                      ,18.0    ,2          ,             ,0               ,7             ,1       ,
100125,North Delta                          ,North Delta                          ,49.1583333333333,-122.901666666667,5     ,7       ,                ,1          ,10      ,GVRD - Delta            ,8544 116TH AVE. DELTA                              ,115.0   ,2          ,1            ,1               ,7             ,1       ,
100126,Burnaby Mountain                     ,Burnaby Mountain                     ,49.27972        ,-122.92222       ,5     ,7       ,                ,1          ,10      ,GVRD - Burnaby          ,RING ROAD BURNABY                                  ,364.0   ,2          ,             ,0               ,7             ,1       ,
100127,Surrey East                          ,Surrey East                          ,49.1327777777778,-122.69417       ,5     ,7       ,                ,1          ,10      ,GVRD - Surrey           ,19000 & 72ND AVE. SURREY                           ,83.0    ,2          ,1            ,1               ,7             ,1       ,
100128,Richmond South                       ,Richmond South                       ,49.1416666666667,-123.108055555556,5     ,7       ,                ,1          ,10      ,GVRD - Richimond        ,WILLIAMS & ARAGON RICHMOND                         ,18.0    ,2          ,1            ,1               ,7             ,1       ,
100132,Mahon Park                           ,Mahon Park                           ,49.3238888888889,-123.08361       ,5     ,7       ,                ,1          ,10      ,GVRD - Vancouver        ,16TH ST. & JONES AVE NORTH VAN                     ,95.0    ,2          ,1            ,1               ,7             ,1       ,
100134,Vancouver Intl. Airport              ,Vancouver Intl. Airport              ,49.1863888888889,-123.15222       ,5     ,7       ,                ,1          ,10      ,GVRD - Richmond         ,3153 TEMPLETON STREET                              ,14.0    ,2          ,1            ,1               ,7             ,1       ,
100135,Coquitlam                            ,Coquitlam                            ,49.2880555555556,-122.79139       ,5     ,7       ,                ,1          ,10      ,GVRD - Coquitlam        ,1250 PINETREE WAY                                  ,76.0    ,2          ,             ,1               ,7             ,1       ,
100138,Horsheshoe Bay                       ,Horsheshoe Bay                       ,49.36806        ,-123.27639       ,5     ,7       ,                ,1          ,10      ,GVRD - Vancouver West   ,6350 MARINE DRIVE                                  ,34.0    ,2          ,             ,0               ,7             ,1       ,
100140,Tsawwassen                           ,Tsawwassen                           ,49.009869       ,-123.082017      ,5     ,7       ,                ,1          ,10      ,GVRD - Vancouver        ,                                                   ,52.0    ,           ,1            ,0               ,7             ,1       ,
100202,Prince George Plaza 400              ,Prince George Plaza 400              ,53.9147222222222,-122.741944444444,5     ,7       ,                ,1          ,10      ,Prince George           ,1011 4TH AVENUE                                    ,605.0   ,1          ,1            ,1               ,7             ,2       ,
100203,Prince George BC Rail Warehouse      ,Prince George BC Rail Warehouse      ,53.8711111111111,-122.743611111111,5     ,7       ,                ,1          ,10      ,Prince George           ,1108 INDUSTRIAL WAY                                ,595.0   ,1          ,             ,0               ,7             ,2       ,
100205,Prince George Gladstone School       ,Prince George Gladstone School       ,53.8583333333333,-122.760833333333,5     ,7       ,                ,1          ,10      ,Prince George           ,GLADSTONE SCHOOL                                   ,588.0   ,2          ,             ,0               ,7             ,2       ,
100206,Prince George Lakewood               ,Prince George Lakewood               ,53.9155555555556,-122.795833333333,5     ,7       ,                ,1          ,10      ,Prince George           ,LAKEWOOD                                           ,584.0   ,2          ,             ,0               ,7             ,2       ,
100212,Prince George Marsulex Acid Plant    ,Prince George Marsulex Acid Plant    ,53.8416         ,-122.7344        ,5     ,7       ,                ,1          ,10      ,Prince George           ,                                                   ,604.0   ,3          ,             ,0               ,7             ,2       ,
100213,Prince George Denicola Ranch         ,Prince George Denicola Ranch         ,53.9353         ,-122.6814        ,5     ,7       ,                ,1          ,10      ,Prince George           ,                                                   ,581.0   ,5          ,             ,0               ,7             ,2       ,
100214,Prince George Exploration Place      ,Prince George Exploration Place      ,53.9053         ,-122.7344        ,5     ,7       ,                ,1          ,10      ,Prince George           ,                                                   ,576.0   ,2          ,             ,0               ,7             ,2       ,
100304,Victoria Topaz                       ,Victoria Topaz                       ,48.4425         ,-123.362777777778,5     ,7       ,                ,1          ,10      ,Victoria                ,923 TOPAZ                                          ,27.0    ,1          ,1            ,1               ,7             ,2       ,
100308,Colwood City Hall                    ,Colwood City Hall                    ,48.4238888888889,-123.492777777778,5     ,7       ,                ,1          ,10      ,Victoria                ,3300 WISHART ROAD                                  ,2.0     ,1          ,1            ,1               ,7             ,2       ,
100312,Esquimalt Graving Dock               ,Esquimalt Graving Dock               ,48.4374         ,-123.422         ,5     ,7       ,                ,1          ,10      ,Esquimalt               ,825 Admirals Road                                  ,23.0    ,3          ,             ,0               ,7             ,2       ,
100401,Kamloops Federal Building            ,Kamloops Federal Building            ,50.6741666666667,-120.332777777778,5     ,7       ,                ,1          ,10      ,Kamloops                ,317 SEYMOUR ST.                                    ,304.0   ,1          ,1            ,1               ,7             ,2       ,
100701,Kelowna College                      ,Kelowna College                      ,49.8611111111111,-119.475         ,5     ,7       ,                ,1          ,10      ,Kelowna                 ,3333 COLLEGE WAY                                   ,307.0   ,1          ,1            ,1               ,7             ,2       ,
101003,Central Abbotsford                   ,Central Abbotsford                   ,49.0427777777778,-122.309722222222,5     ,7       ,                ,1          ,10      ,GVRD - Abbotsford       ,32995 BEVAN AVE.                                   ,84.0    ,2          ,1            ,1               ,7             ,1       ,
101005,Abbotsford Airport                   ,Abbotsford Airport                   ,49.021506       ,-122.326556      ,5     ,7       ,                ,1          ,10      ,Abbotsford              ,1073 Columbia St                                   ,64.6    ,4          ,1            ,1               ,7             ,1       ,
101101,Chilliwack Airport                   ,Chilliwack Airport                   ,49.1561111111111,-121.940555555556,5     ,7       ,                ,1          ,10      ,GVRD-Chilliwack         ,46244 AIRPORT ROAD                                 ,14.0    ,2          ,1            ,1               ,7             ,1       ,
101202,Pitt Meadows                         ,Pitt Meadows                         ,49.2452777777778,-122.70889       ,5     ,7       ,                ,1          ,10      ,Pitt Meadows            ,18477 DEWDNY TRUNK                                 ,24.0    ,2          ,1            ,1               ,7             ,1       ,
101301,Langley Central                      ,Langley Central                      ,49.0961111111111,-122.566388888889,5     ,7       ,                ,1          ,10      ,Langley                 ,23752 52ND AVENUE                                  ,86.0    ,6          ,1            ,1               ,7             ,1       ,
101401,Hope Airport                         ,Hope Airport                         ,49.3697222222222,-121.499444444444,5     ,7       ,                ,1          ,10      ,Hope                    ,62715 AIRPORT ROAD                                 ,135.0   ,6          ,1            ,1               ,7             ,1       ,
101501,Maple Ridge                          ,Maple Ridge                          ,49.2147222222222,-122.581944444444,5     ,7       ,                ,1          ,10      ,Maple Ridge             ,23124 118TH AVENUE                                 ,104.0   ,2          ,             ,1               ,7             ,1       ,
101603,Squamish Elementary                  ,Squamish Elementary                  ,49.70516        ,-123.15133       ,5     ,7       ,                ,1          ,10      ,Squamish                ,38370 Buckley Ave                                  ,6.0     ,2          ,1            ,1               ,7             ,        ,
101701,Quesnel Senior Secondary             ,Quesnel Senior Secondary             ,52.8194444444444,-122.491666666667,5     ,7       ,                ,1          ,10      ,Quesnel                 ,585 CALLANAN STREET                                ,505.0   ,2          ,1            ,1               ,7             ,2       ,
101702,Quesnel Maple Drive                  ,Quesnel Maple Drive                  ,52.9630555555556,-122.450555555556,5     ,7       ,                ,1          ,10      ,Quesnel                 ,950 MOUNTAIN ASH ROAD                              ,461.0   ,2          ,             ,0               ,7             ,2       ,
101704,Quesnel West Correlieu School        ,Quesnel West Correlieu School        ,52.9664         ,-122.5167        ,5     ,7       ,                ,1          ,10      ,Quesnel                 ,CORRELIEU SCHOOL                                   ,        ,2          ,             ,0               ,7             ,2       ,
101801,Creston PC School                    ,Creston PC School                    ,49.0944444444444,-116.5125        ,5     ,7       ,                ,1          ,10      ,creston                 ,PRINCE CHARLES SECONDARY SCHOOL                    ,614.0   ,2          ,             ,0               ,7             ,2       ,
101904,Cranbrook Muriel Baxter              ,Cranbrook Muriel Baxter              ,49.507103       ,-115.753682      ,5     ,6       ,                ,1          ,10      ,Cranbrook               ,"3rd st. s, 20 ave s, Cranbrook, BC"               ,941.0   ,2          ,1            ,1               ,7             ,2       ,
102001,Saturna                              ,Saturna                              ,48.7833333333333,-123.133333333333,5     ,7       ,                ,1          ,10      ,Saturna                 ,SATURNA                                            ,181.0   ,5          ,             ,0               ,7             ,        ,
102102,Nanaimo Labieux Road                 ,Nanaimo Labieux Road                 ,49.2008333333333,-123.993888888889,5     ,7       ,                ,1          ,10      ,Nanaimo                 ,280 LABIEUX ROAD                                   ,132.0   ,2          ,1            ,1               ,7             ,2       ,
102103,Harmac                               ,Harmac                               ,49.0991         ,-123.8519        ,5     ,7       ,                ,1          ,10      ,Nanaimo                 ,CEDAR 7 WOOBANK RD                                 ,        ,2          ,             ,0               ,7             ,2       ,
102201,Butler Park                          ,Butler Park                          ,49.0955555555556,-117.697222222222,5     ,7       ,                ,1          ,10      ,Trail                   ,BUTLER PARK                                        ,490.0   ,2          ,             ,0               ,7             ,2       ,
102301,Powell River Cranberry Lake          ,Powell River Cranberry Lake          ,49.875          ,-124.516666666667,5     ,7       ,                ,1          ,10      ,Powell River            ,WILDLIFE SANCTUARY                                 ,        ,2          ,             ,0               ,7             ,2       ,
102302,Powell River Wildwood                ,Powell River Wildwood                ,49.8875         ,-124.558333333333,5     ,7       ,                ,1          ,10      ,Powell River            ,WILDWOOD MOTORS                                    ,        ,1          ,             ,0               ,7             ,2       ,
102303,Powell River James Thompson School   ,Powell River James Thompson School   ,49.8991         ,-124.5625        ,5     ,7       ,                ,1          ,10      ,Powell River            ,                                                   ,140.0   ,           ,             ,0               ,7             ,2       ,
102401,Smithers                             ,Smithers                             ,54.7830555555556,-127.1775        ,5     ,7       ,                ,1          ,10      ,Smithers                ,4020 BROADWAY AVENUE                               ,485.0   ,2          ,1            ,0               ,7             ,2       ,
102501,Terrace BC Access Centre             ,Terrace BC Access Centre             ,54.5183333333333,-128.5975        ,5     ,7       ,                ,1          ,10      ,Terrace                 ,104 - 3220 EBY STREET                              ,510.0   ,2          ,             ,0               ,7             ,2       ,
102503,Terrace Skeena Middle School         ,Terrace Skeena Middle School         ,54.521667       ,-128.6075        ,5     ,7       ,                ,1          ,10      ,Terrace                 ,3411 Munroe Street                                 ,81.0    ,2          ,1            ,1               ,7             ,2       ,
102602,Port Alberni Elementary              ,Port Alberni Elementary              ,49.2608         ,-124.8056        ,5     ,7       ,                ,1          ,10      ,Port Alberni            ,4645 Helen Street                                  ,17.0    ,           ,             ,0               ,7             ,2       ,
102701,Williams Lake Columneetza School     ,Williams Lake Columneetza School     ,52.1416666666667,-122.152777777778,5     ,7       ,                ,1          ,10      ,Williams Lake           ,1045 WESTERN AVENUE                                ,664.0   ,2          ,1            ,1               ,7             ,2       ,
102706,Williams Lake CRD Library            ,Williams Lake CRD Library            ,52.1308333333333,-122.142222222222,5     ,7       ,                ,1          ,10      ,Williams Lake           ,180 NORTH 3RD AVE                                  ,        ,2          ,             ,0               ,7             ,2       ,
102801,Elk Falls Dogwood                    ,Elk Falls Dogwood                    ,50.0166666666667,-125.247222222222,5     ,7       ,                ,1          ,10      ,Campbell River          ,ADJACENT TO 660 WESTMERE                           ,65.0    ,2          ,1            ,0               ,7             ,2       ,
103202,Golden Helipad                       ,Golden Helipad                       ,51.2975         ,-116.9667        ,5     ,7       ,                ,1          ,10      ,Golden                  ,835 9TH AVENUE SOUTH                               ,780.0   ,2          ,             ,0               ,7             ,2       ,
103302,Nelson Kutenai Place                 ,Nelson Kutenai Place                 ,49.4908333333333,-117.295277777778,5     ,7       ,                ,1          ,10      ,Nelson                  ,333 Victoria Street                                ,        ,2          ,             ,0               ,7             ,2       ,
103402,Revelstoke                           ,Revelstoke                           ,50.9872222222222,-118.188333333333,5     ,7       ,                ,1          ,10      ,Revelstoke              ,402 DOWNIE STREET                                  ,1504.0  ,2          ,             ,0               ,7             ,2       ,
103502,Castlegar Zinio Park                 ,Castlegar Zinio Park                 ,49.3183         ,-117.6692        ,5     ,7       ,                ,1          ,10      ,Castlegar               ,801 9th Avenue                                     ,407.0   ,2          ,1            ,1               ,7             ,2       ,
103601,Agassiz                              ,Agassiz                              ,49.238008       ,-121.762264      ,5     ,7       ,                ,1          ,10      ,Agassiz                 ,7170 Cheam Ave                                     ,23.0    ,1          ,1            ,1               ,7             ,2       ,
103702,Pine River Gas Plant                 ,Pine River Gas Plant                 ,55.575          ,-121.920833333333,5     ,7       ,                ,1          ,10      ,Pine River              ,Gas Plant Site                                     ,1113.0  ,7          ,             ,0               ,7             ,2       ,
103704,Pine River Hasler                    ,Pine River Hasler                    ,55.6056         ,-121.9722        ,5     ,7       ,                ,1          ,10      ,Hasler Flat             ,                                                   ,610.0   ,5          ,             ,0               ,7             ,2       ,
103901,Kitimat Riverlodge                   ,Kitimat Riverlodge                   ,54.0558333333333,-128.673888888889,5     ,7       ,                ,1          ,10      ,Kitimat                 ,653 COLUMBIA STREET                                ,        ,2          ,             ,0               ,7             ,2       ,
103902,Kitimat Haul Road                    ,Kitimat Haul Road                    ,54.0297222222222,-128.701666666667,5     ,7       ,                ,1          ,10      ,Kitimat                 ,Haulage Road                                       ,6.0     ,3          ,             ,0               ,7             ,2       ,
103904,Kitimat Whitesail                    ,Kitimat Whitesail                    ,54.0675         ,-128.640277777778,5     ,7       ,                ,1          ,10      ,Kitimat                 ,1332 Lahakas Blvd N                                ,119.0   ,2          ,             ,0               ,7             ,2       ,
103905,Kitimat Haisla Village               ,Kitimat Haisla Village               ,53.9733         ,-128.6503        ,5     ,7       ,                ,1          ,10      ,Kitimat                 ,                                                   ,1.0     ,           ,             ,0               ,7             ,2       ,
103906,Kitimat Rio Tinto Alcan              ,Kitimat Rio Tinto Alcan              ,54.0194         ,-128.7042        ,5     ,7       ,                ,1          ,10      ,Kitimat                 ,                                                   ,17.0    ,3          ,             ,0               ,7             ,2       ,
104003,Vernon Science Centre                ,Vernon Science Centre                ,50.25775        ,-119.2673        ,5     ,7       ,                ,1          ,10      ,Vernon                  ,2704 HIGHWAY 6                                     ,503.0   ,2          ,1            ,1               ,7             ,2       ,
104101,Grand Forks City Hall                ,Grand Forks City Hall                ,49.0333333333333,-118.433333333333,5     ,7       ,                ,1          ,10      ,Grand Forks             ,CITY HALL                                          ,530.0   ,2          ,             ,0               ,7             ,2       ,
104301,Taylor Townsite                      ,Taylor Townsite                      ,56.1508333333333,-120.686111111111,5     ,7       ,                ,1          ,10      ,Taylor                  ,MCMAHON COMPLEX                                    ,484.0   ,2          ,             ,0               ,7             ,2       ,
104302,Taylor South Hill                    ,Taylor South Hill                    ,56.1058333333333,-120.663333333333,5     ,7       ,                ,1          ,10      ,Taylor                  ,Pingle Creek Road                                  ,686.0   ,2          ,             ,0               ,7             ,2       ,
104303,Bessborough 237 Road                 ,Bessborough 237 Road                 ,55.7919         ,-120.4836        ,5     ,7       ,                ,1          ,10      ,Bessborough             ,237 Road                                           ,665.0   ,           ,             ,0               ,7             ,2       ,
104304,Farmington Community Hall            ,Farmington Community Hall            ,55.9133         ,-120.5315        ,5     ,7       ,                ,1          ,10      ,Farmington              ,4794 parkland Road                                 ,696.0   ,           ,             ,0               ,7             ,2       ,
104305,Tomslake 197 Road East               ,Tomslake 197 Road East               ,55.5902         ,-120.0858        ,5     ,7       ,                ,1          ,10      ,Tomslake                ,Tomslake 197 Road East                             ,765.0   ,           ,             ,0               ,7             ,2       ,
104601,Telkwa                               ,Telkwa                               ,54.6911111111111,-127.054722222222,5     ,7       ,                ,1          ,10      ,Telkwa                  ,1304 BIRCH STREET                                  ,        ,2          ,             ,0               ,7             ,2       ,
104801,Duncan Deykin Avenue                 ,Duncan Deykin Avenue                 ,48.8027777777778,-123.645         ,5     ,7       ,                ,1          ,10      ,Duncan                  ,6364 DEYKIN AVENUE                                 ,22.0    ,2          ,             ,0               ,7             ,2       ,
104804,Duncan College Street                ,Duncan College Street                ,48.786114       ,-123.717307      ,5     ,7       ,                ,1          ,10      ,Duncan                  ,1050 College Street                                ,32.0    ,2          ,1            ,1               ,7             ,        ,
105001,Whistler Meadow Park                 ,Whistler Meadow Park                 ,50.1439         ,-122.9611        ,5     ,7       ,                ,1          ,10      ,Whisler                 ,MEADOW PARK                                        ,        ,2          ,1            ,1               ,7             ,2       ,
105101,Houston Firehall                     ,Houston Firehall                     ,54.39959        ,-126.64596       ,5     ,7       ,                ,1          ,10      ,Houston                 ,FIREHALL                                           ,        ,2          ,             ,0               ,7             ,2       ,
105201,Burns Lake Fire Centre               ,Burns Lake Fire Centre               ,54.23306        ,-125.76352       ,5     ,7       ,                ,1          ,10      ,Burns Lake              ,FIRE CENTRE                                        ,652.0   ,2          ,             ,0               ,7             ,2       ,
105301,Langdale Elementary                  ,Langdale Elementary                  ,49.4416666666667,-123.491666666667,5     ,7       ,                ,1          ,10      ,Langdale                ,FORRES ROAD                                        ,75.0    ,2          ,             ,0               ,7             ,2       ,
105501,Fort St. John NP Cultural Centre     ,Fort St. John NP Cultural Centre     ,56.2458333333333,-120.848888888889,5     ,7       ,                ,1          ,10      ,Fort St. John           ,10015 100TH AVENUE                                 ,700.0   ,1          ,             ,0               ,7             ,2       ,
105503,Doig River Cultural Centre           ,Doig River Cultural Centre           ,56.5781         ,-120.4975        ,5     ,7       ,                ,1          ,10      ,Doig River              ,4356 Doig Road                                     ,552.0   ,           ,             ,0               ,7             ,2       ,
105504,Fort St John Key Learning Centre     ,Fort St John Key Learning Centre     ,56.244722       ,-120.856111      ,5     ,7       ,                ,1          ,10      ,Fort St John            ,10511 99 Avenue                                    ,679.0   ,1          ,1            ,1               ,7             ,2       ,
106701,Crofton Substation                   ,Crofton Substation                   ,48.875          ,-123.65          ,5     ,7       ,                ,1          ,10      ,Crofton                 ,                                                   ,        ,           ,             ,0               ,7             ,2       ,
106702,Crofton Georgia Heights              ,Crofton Georgia Heights              ,48.8381         ,-123.6553        ,5     ,7       ,                ,1          ,10      ,Crofton                 ,                                                   ,765.0   ,           ,             ,0               ,7             ,2       ,
106800,Ucluelet Amphitrite Point            ,Ucluelet Amphitrite Point            ,48.9217         ,-125.5411        ,5     ,7       ,                ,1          ,10      ,Ucluelet                ,                                                   ,18.0    ,           ,1            ,0               ,7             ,2       ,
106900,Vanderhoof                           ,Vanderhoof                           ,54.0163         ,-124.0061        ,5     ,7       ,                ,1          ,10      ,Vanderhoof              ,                                                   ,638.0   ,           ,             ,0               ,7             ,2       ,
107000,Rumble Beach Hospital                ,Rumble Beach Hospital                ,50.4264         ,-127.4881        ,5     ,7       ,                ,1          ,10      ,Rumble Beach            ,                                                   ,3.0     ,           ,             ,0               ,7             ,2       ,
107001,Port Alice Lake Road                 ,Port Alice Lake Road                 ,50.3668         ,-127.4333        ,5     ,7       ,                ,1          ,10      ,Port Alice              ,                                                   ,152.0   ,5          ,             ,0               ,7             ,2       ,
107100,Courtenay Elementary School          ,Courtenay Elementary School          ,49.6825         ,-124.9961        ,5     ,7       ,                ,1          ,10      ,Courtenay               ,                                                   ,        ,2          ,1            ,0               ,7             ,2       ,
107200,Strathnaver Pellet Plant             ,Strathnaver Pellet Plant             ,53.3072         ,-122.5331        ,5     ,7       ,                ,1          ,10      ,Strathnaver             ,                                                   ,674.0   ,5          ,             ,0               ,7             ,2       ,
119004,Steele Street Station                ,Steele Street Station                ,60.7196861111   ,-135.058683333   ,5     ,7       ,                ,1          ,11      ,Whitehorse              ,401 Steele Street                                  ,641.0   ,2          ,1            ,1               ,7             ,        ,
129003,Yellowknife                          ,Yellowknife                          ,62.452084       ,-114.364031      ,4     ,6       ,                ,1          ,12      ,Yellowknife             ,49th St and 52nd Ave                               ,191.0   ,1          ,1            ,0               ,6             ,        ,2
129203,Inuvik                               ,Inuvik                               ,68.356994       ,-133.714063      ,4     ,6       ,                ,1          ,12      ,Inuvik                  ,Bompas Street                                      ,33.0    ,2          ,1            ,1               ,6             ,        ,1
129303,Waterlab                             ,Waterlab                             ,63.751619       ,-68.522433       ,4     ,4       ,                ,1          ,13      ,Iqaluit                 ,Building 959 C                                     ,35.0    ,3          ,1            ,1               ,5             ,        ,39
129501,Snare Rapids                         ,Snare Rapids                         ,63.50861        ,-116.00777       ,4     ,6       ,                ,1          ,12      ,Snare Rapids            ,SNARE RAPIDS                                       ,243.0   ,6          ,             ,0               ,6             ,        ,61
129601,Fort Smith                           ,Fort Smith                           ,60.004486       ,-111.893377      ,4     ,6       ,                ,1          ,12      ,Fort Smith              ,95 Conibear Cres.                                  ,207.0   ,2          ,1            ,1               ,6             ,        ,3
129602,Wood Buffalo                         ,Wood Buffalo                         ,60.1465         ,-113.63769       ,4     ,6       ,                ,1          ,12      ,                        ,                                                   ,284.0   ,5          ,             ,0               ,6             ,        ,65
129998,Arviat                               ,Arviat                               ,61.108333       ,-94.058333       ,4     ,5       ,                ,2          ,13      ,Arviat                  ,                                                   ,        ,           ,             ,0               ,5             ,        ,
129999,Kugluktuk                            ,Kugluktuk                            ,67.826667       ,-115.09333       ,4     ,6       ,                ,2          ,13      ,Kugluktuk               ,                                                   ,        ,           ,             ,0               ,5             ,        ,
